Card Number,Card Name,Level,Rank,Link,Card Text,Status,Card Type,Pendulum Effect,Pendulum Scale,Attribute,Monster Type,ATK,DEF
6631,Card information not found.,,,,Card information not found.,Unlimited,,,,,,,
8774,Card information not found.,,,,Card information not found.,Unlimited,,,,,,,
6632,Card information not found.,,,,Card information not found.,Unlimited,,,,,,,
9025,Card information not found.,,,,Card information not found.,Unlimited,,,,,,,
6633,Card information not found.,,,,Card information not found.,Unlimited,,,,,,,
6634,Card information not found.,,,,Card information not found.,Unlimited,,,,,,,
6635,Card information not found.,,,,Card information not found.,Unlimited,,,,,,,
6295,Card information not found.,,,,Card information not found.,Unlimited,,,,,,,
9026,Card information not found.,,,,Card information not found.,Unlimited,,,,,,,
8772,Card information not found.,,,,Card information not found.,Unlimited,,,,,,,
8771,Card information not found.,,,,Card information not found.,Unlimited,,,,,,,
8770,Card information not found.,,,,Card information not found.,Unlimited,,,,,,,
8769,Card information not found.,,,,Card information not found.,Unlimited,,,,,,,
9027,Card information not found.,,,,Card information not found.,Unlimited,,,,,,,
8768,Card information not found.,,,,Card information not found.,Unlimited,,,,,,,
6630,Card information not found.,,,,Card information not found.,Unlimited,,,,,,,
8773,Card information not found.,,,,Card information not found.,Unlimited,,,,,,,
6629,Card information not found.,,,,Card information not found.,Unlimited,,,,,,,
8776,Card information not found.,,,,Card information not found.,Unlimited,,,,,,,
6561,Card information not found.,,,,Card information not found.,Unlimited,,,,,,,
6562,Card information not found.,,,,Card information not found.,Unlimited,,,,,,,
6585,Card information not found.,,,,Card information not found.,Unlimited,,,,,,,
6586,Card information not found.,,,,Card information not found.,Unlimited,,,,,,,
6627,Card information not found.,,,,Card information not found.,Unlimited,,,,,,,
9015,Card information not found.,,,,Card information not found.,Unlimited,,,,,,,
6628,Card information not found.,,,,Card information not found.,Unlimited,,,,,,,
9017,Card information not found.,,,,Card information not found.,Unlimited,,,,,,,
9018,Card information not found.,,,,Card information not found.,Unlimited,,,,,,,
9019,Card information not found.,,,,Card information not found.,Unlimited,,,,,,,
9020,Card information not found.,,,,Card information not found.,Unlimited,,,,,,,
9021,Card information not found.,,,,Card information not found.,Unlimited,,,,,,,
8869,Card information not found.,,,,Card information not found.,Unlimited,,,,,,,
9023,Card information not found.,,,,Card information not found.,Unlimited,,,,,,,
8868,Card information not found.,,,,Card information not found.,Unlimited,,,,,,,
9024,Card information not found.,,,,Card information not found.,Unlimited,,,,,,,
9028,Card information not found.,,,,Card information not found.,Unlimited,,,,,,,
8767,Card information not found.,,,,Card information not found.,Unlimited,,,,,,,
4827,Card information not found.,,,,Card information not found.,Unlimited,,,,,,,
6652,Card information not found.,,,,Card information not found.,Unlimited,,,,,,,
6713,Card information not found.,,,,Card information not found.,Unlimited,,,,,,,
8749,Card information not found.,,,,Card information not found.,Unlimited,,,,,,,
6714,Card information not found.,,,,Card information not found.,Unlimited,,,,,,,
9058,Card information not found.,,,,Card information not found.,Unlimited,,,,,,,
9061,Card information not found.,,,,Card information not found.,Unlimited,,,,,,,
9064,Card information not found.,,,,Card information not found.,Unlimited,,,,,,,
8750,Card information not found.,,,,Card information not found.,Unlimited,,,,,,,
6715,Card information not found.,,,,Card information not found.,Unlimited,,,,,,,
6717,Card information not found.,,,,Card information not found.,Unlimited,,,,,,,
6718,Card information not found.,,,,Card information not found.,Unlimited,,,,,,,
9065,Card information not found.,,,,Card information not found.,Unlimited,,,,,,,
9072,Card information not found.,,,,Card information not found.,Unlimited,,,,,,,
6719,Card information not found.,,,,Card information not found.,Unlimited,,,,,,,
9073,Card information not found.,,,,Card information not found.,Unlimited,,,,,,,
6724,Card information not found.,,,,Card information not found.,Unlimited,,,,,,,
6716,Card information not found.,,,,Card information not found.,Unlimited,,,,,,,
6560,Card information not found.,,,,Card information not found.,Unlimited,,,,,,,
9056,Card information not found.,,,,Card information not found.,Unlimited,,,,,,,
9053,Card information not found.,,,,Card information not found.,Unlimited,,,,,,,
6637,Card information not found.,,,,Card information not found.,Unlimited,,,,,,,
4829,Card information not found.,,,,Card information not found.,Unlimited,,,,,,,
6638,Card information not found.,,,,Card information not found.,Unlimited,,,,,,,
4833,Card information not found.,,,,Card information not found.,Unlimited,,,,,,,
6649,Card information not found.,,,,Card information not found.,Unlimited,,,,,,,
4867,Card information not found.,,,,Card information not found.,Unlimited,,,,,,,
8766,Card information not found.,,,,Card information not found.,Unlimited,,,,,,,
9054,Card information not found.,,,,Card information not found.,Unlimited,,,,,,,
6650,Card information not found.,,,,Card information not found.,Unlimited,,,,,,,
9029,Card information not found.,,,,Card information not found.,Unlimited,,,,,,,
9052,Card information not found.,,,,Card information not found.,Unlimited,,,,,,,
6651,Card information not found.,,,,Card information not found.,Unlimited,,,,,,,
8765,Card information not found.,,,,Card information not found.,Unlimited,,,,,,,
8764,Card information not found.,,,,Card information not found.,Unlimited,,,,,,,
8752,Card information not found.,,,,Card information not found.,Unlimited,,,,,,,
8751,Card information not found.,,,,Card information not found.,Unlimited,,,,,,,
4959,Card information not found.,,,,Card information not found.,Unlimited,,,,,,,
6559,Card information not found.,,,,Card information not found.,Unlimited,,,,,,,
6557,Card information not found.,,,,Card information not found.,Unlimited,,,,,,,
6556,Card information not found.,,,,Card information not found.,Unlimited,,,,,,,
6305,Card information not found.,,,,Card information not found.,Unlimited,,,,,,,
6306,Card information not found.,,,,Card information not found.,Unlimited,,,,,,,
8889,Card information not found.,,,,Card information not found.,Unlimited,,,,,,,
6309,Card information not found.,,,,Card information not found.,Unlimited,,,,,,,
6369,Card information not found.,,,,Card information not found.,Unlimited,,,,,,,
6370,Card information not found.,,,,Card information not found.,Unlimited,,,,,,,
6371,Card information not found.,,,,Card information not found.,Unlimited,,,,,,,
8890,Card information not found.,,,,Card information not found.,Unlimited,,,,,,,
6372,Card information not found.,,,,Card information not found.,Unlimited,,,,,,,
6375,Card information not found.,,,,Card information not found.,Unlimited,,,,,,,
8877,Card information not found.,,,,Card information not found.,Unlimited,,,,,,,
6377,Card information not found.,,,,Card information not found.,Unlimited,,,,,,,
6378,Card information not found.,,,,Card information not found.,Unlimited,,,,,,,
6379,Card information not found.,,,,Card information not found.,Unlimited,,,,,,,
6381,Card information not found.,,,,Card information not found.,Unlimited,,,,,,,
6301,Card information not found.,,,,Card information not found.,Unlimited,,,,,,,
6300,Card information not found.,,,,Card information not found.,Unlimited,,,,,,,
8888,Card information not found.,,,,Card information not found.,Unlimited,,,,,,,
6299,Card information not found.,,,,Card information not found.,Unlimited,,,,,,,
8883,Card information not found.,,,,Card information not found.,Unlimited,,,,,,,
6296,Card information not found.,,,,Card information not found.,Unlimited,,,,,,,
6294,Card information not found.,,,,Card information not found.,Unlimited,,,,,,,
8884,Card information not found.,,,,Card information not found.,Unlimited,,,,,,,
8885,Card information not found.,,,,Card information not found.,Unlimited,,,,,,,
8886,Card information not found.,,,,Card information not found.,Unlimited,,,,,,,
8887,Card information not found.,,,,Card information not found.,Unlimited,,,,,,,
6382,Card information not found.,,,,Card information not found.,Unlimited,,,,,,,
8881,Card information not found.,,,,Card information not found.,Unlimited,,,,,,,
8880,Card information not found.,,,,Card information not found.,Unlimited,,,,,,,
6297,Card information not found.,,,,Card information not found.,Unlimited,,,,,,,
6230,Card information not found.,,,,Card information not found.,Unlimited,,,,,,,
6228,Card information not found.,,,,Card information not found.,Unlimited,,,,,,,
8879,Card information not found.,,,,Card information not found.,Unlimited,,,,,,,
8878,Card information not found.,,,,Card information not found.,Unlimited,,,,,,,
4825,Card information not found.,,,,Card information not found.,Unlimited,,,,,,,
6290,Card information not found.,,,,Card information not found.,Unlimited,,,,,,,
8882,Card information not found.,,,,Card information not found.,Unlimited,,,,,,,
6401,Card information not found.,,,,Card information not found.,Unlimited,,,,,,,
8923,Card information not found.,,,,Card information not found.,Unlimited,,,,,,,
6462,Card information not found.,,,,Card information not found.,Unlimited,,,,,,,
6463,Card information not found.,,,,Card information not found.,Unlimited,,,,,,,
8873,Card information not found.,,,,Card information not found.,Unlimited,,,,,,,
6464,Card information not found.,,,,Card information not found.,Unlimited,,,,,,,
6466,Card information not found.,,,,Card information not found.,Unlimited,,,,,,,
6490,Card information not found.,,,,Card information not found.,Unlimited,,,,,,,
6526,Card information not found.,,,,Card information not found.,Unlimited,,,,,,,
6548,Card information not found.,,,,Card information not found.,Unlimited,,,,,,,
6549,Card information not found.,,,,Card information not found.,Unlimited,,,,,,,
6551,Card information not found.,,,,Card information not found.,Unlimited,,,,,,,
6552,Card information not found.,,,,Card information not found.,Unlimited,,,,,,,
6553,Card information not found.,,,,Card information not found.,Unlimited,,,,,,,
9014,Card information not found.,,,,Card information not found.,Unlimited,,,,,,,
8871,Card information not found.,,,,Card information not found.,Unlimited,,,,,,,
6554,Card information not found.,,,,Card information not found.,Unlimited,,,,,,,
6461,Card information not found.,,,,Card information not found.,Unlimited,,,,,,,
6460,Card information not found.,,,,Card information not found.,Unlimited,,,,,,,
8874,Card information not found.,,,,Card information not found.,Unlimited,,,,,,,
6459,Card information not found.,,,,Card information not found.,Unlimited,,,,,,,
8924,Card information not found.,,,,Card information not found.,Unlimited,,,,,,,
8925,Card information not found.,,,,Card information not found.,Unlimited,,,,,,,
8876,Card information not found.,,,,Card information not found.,Unlimited,,,,,,,
8926,Card information not found.,,,,Card information not found.,Unlimited,,,,,,,
6403,Card information not found.,,,,Card information not found.,Unlimited,,,,,,,
6404,Card information not found.,,,,Card information not found.,Unlimited,,,,,,,
8875,Card information not found.,,,,Card information not found.,Unlimited,,,,,,,
6402,Card information not found.,,,,Card information not found.,Unlimited,,,,,,,
9077,Card information not found.,,,,Card information not found.,Unlimited,,,,,,,
8928,Card information not found.,,,,Card information not found.,Unlimited,,,,,,,
6451,Card information not found.,,,,Card information not found.,Unlimited,,,,,,,
6452,Card information not found.,,,,Card information not found.,Unlimited,,,,,,,
6455,Card information not found.,,,,Card information not found.,Unlimited,,,,,,,
8929,Card information not found.,,,,Card information not found.,Unlimited,,,,,,,
8930,Card information not found.,,,,Card information not found.,Unlimited,,,,,,,
8931,Card information not found.,,,,Card information not found.,Unlimited,,,,,,,
8927,Card information not found.,,,,Card information not found.,Unlimited,,,,,,,
6725,Card information not found.,,,,Card information not found.,Unlimited,,,,,,,
6793,Card information not found.,,,,Card information not found.,Unlimited,,,,,,,
6729,Card information not found.,,,,Card information not found.,Unlimited,,,,,,,
7067,Card information not found.,,,,Card information not found.,Unlimited,,,,,,,
7069,Card information not found.,,,,Card information not found.,Unlimited,,,,,,,
9412,Card information not found.,,,,Card information not found.,Unlimited,,,,,,,
9413,Card information not found.,,,,Card information not found.,Unlimited,,,,,,,
9414,Card information not found.,,,,Card information not found.,Unlimited,,,,,,,
7070,Card information not found.,,,,Card information not found.,Unlimited,,,,,,,
7097,Card information not found.,,,,Card information not found.,Unlimited,,,,,,,
7098,Card information not found.,,,,Card information not found.,Unlimited,,,,,,,
7066,Card information not found.,,,,Card information not found.,Unlimited,,,,,,,
9415,Card information not found.,,,,Card information not found.,Unlimited,,,,,,,
9417,Card information not found.,,,,Card information not found.,Unlimited,,,,,,,
7099,Card information not found.,,,,Card information not found.,Unlimited,,,,,,,
7100,Card information not found.,,,,Card information not found.,Unlimited,,,,,,,
7101,Card information not found.,,,,Card information not found.,Unlimited,,,,,,,
7185,Card information not found.,,,,Card information not found.,Unlimited,,,,,,,
9418,Card information not found.,,,,Card information not found.,Unlimited,,,,,,,
9419,Card information not found.,,,,Card information not found.,Unlimited,,,,,,,
9421,Card information not found.,,,,Card information not found.,Unlimited,,,,,,,
9416,Card information not found.,,,,Card information not found.,Unlimited,,,,,,,
9422,Card information not found.,,,,Card information not found.,Unlimited,,,,,,,
9411,Card information not found.,,,,Card information not found.,Unlimited,,,,,,,
9408,Card information not found.,,,,Card information not found.,Unlimited,,,,,,,
7042,Card information not found.,,,,Card information not found.,Unlimited,,,,,,,
7043,Card information not found.,,,,Card information not found.,Unlimited,,,,,,,
9275,Card information not found.,,,,Card information not found.,Unlimited,,,,,,,
7044,Card information not found.,,,,Card information not found.,Unlimited,,,,,,,
7045,Card information not found.,,,,Card information not found.,Unlimited,,,,,,,
7054,Card information not found.,,,,Card information not found.,Unlimited,,,,,,,
7055,Card information not found.,,,,Card information not found.,Unlimited,,,,,,,
9276,Card information not found.,,,,Card information not found.,Unlimited,,,,,,,
9410,Card information not found.,,,,Card information not found.,Unlimited,,,,,,,
7059,Card information not found.,,,,Card information not found.,Unlimited,,,,,,,
9404,Card information not found.,,,,Card information not found.,Unlimited,,,,,,,
9405,Card information not found.,,,,Card information not found.,Unlimited,,,,,,,
9406,Card information not found.,,,,Card information not found.,Unlimited,,,,,,,
7061,Card information not found.,,,,Card information not found.,Unlimited,,,,,,,
7062,Card information not found.,,,,Card information not found.,Unlimited,,,,,,,
7063,Card information not found.,,,,Card information not found.,Unlimited,,,,,,,
7065,Card information not found.,,,,Card information not found.,Unlimited,,,,,,,
9407,Card information not found.,,,,Card information not found.,Unlimited,,,,,,,
7060,Card information not found.,,,,Card information not found.,Unlimited,,,,,,,
7041,Card information not found.,,,,Card information not found.,Unlimited,,,,,,,
9423,Card information not found.,,,,Card information not found.,Unlimited,,,,,,,
9425,Card information not found.,,,,Card information not found.,Unlimited,,,,,,,
9560,Card information not found.,,,,Card information not found.,Unlimited,,,,,,,
9613,Card information not found.,,,,Card information not found.,Unlimited,,,,,,,
9614,Card information not found.,,,,Card information not found.,Unlimited,,,,,,,
9615,Card information not found.,,,,Card information not found.,Unlimited,,,,,,,
9616,Card information not found.,,,,Card information not found.,Unlimited,,,,,,,
9617,Card information not found.,,,,Card information not found.,Unlimited,,,,,,,
4796,Card information not found.,,,,Card information not found.,Unlimited,,,,,,,
4793,Card information not found.,,,,Card information not found.,Unlimited,,,,,,,
4797,Card information not found.,,,,Card information not found.,Unlimited,,,,,,,
10112,Card information not found.,,,,Card information not found.,Unlimited,,,,,,,
4791,Card information not found.,,,,Card information not found.,Unlimited,,,,,,,
4784,Card information not found.,,,,Card information not found.,Unlimited,,,,,,,
4783,Card information not found.,,,,Card information not found.,Unlimited,,,,,,,
4782,Card information not found.,,,,Card information not found.,Unlimited,,,,,,,
4781,Card information not found.,,,,Card information not found.,Unlimited,,,,,,,
4779,Card information not found.,,,,Card information not found.,Unlimited,,,,,,,
4765,Card information not found.,,,,Card information not found.,Unlimited,,,,,,,
4730,Card information not found.,,,,Card information not found.,Unlimited,,,,,,,
10113,Card information not found.,,,,Card information not found.,Unlimited,,,,,,,
9424,Card information not found.,,,,Card information not found.,Unlimited,,,,,,,
4801,Card information not found.,,,,Card information not found.,Unlimited,,,,,,,
9557,Card information not found.,,,,Card information not found.,Unlimited,,,,,,,
9426,Card information not found.,,,,Card information not found.,Unlimited,,,,,,,
9427,Card information not found.,,,,Card information not found.,Unlimited,,,,,,,
7186,Card information not found.,,,,Card information not found.,Unlimited,,,,,,,
9428,Card information not found.,,,,Card information not found.,Unlimited,,,,,,,
9429,Card information not found.,,,,Card information not found.,Unlimited,,,,,,,
9431,Card information not found.,,,,Card information not found.,Unlimited,,,,,,,
4824,Card information not found.,,,,Card information not found.,Unlimited,,,,,,,
9432,Card information not found.,,,,Card information not found.,Unlimited,,,,,,,
9558,Card information not found.,,,,Card information not found.,Unlimited,,,,,,,
9433,Card information not found.,,,,Card information not found.,Unlimited,,,,,,,
9465,Card information not found.,,,,Card information not found.,Unlimited,,,,,,,
9466,Card information not found.,,,,Card information not found.,Unlimited,,,,,,,
9468,Card information not found.,,,,Card information not found.,Unlimited,,,,,,,
9469,Card information not found.,,,,Card information not found.,Unlimited,,,,,,,
9471,Card information not found.,,,,Card information not found.,Unlimited,,,,,,,
9556,Card information not found.,,,,Card information not found.,Unlimited,,,,,,,
4809,Card information not found.,,,,Card information not found.,Unlimited,,,,,,,
4807,Card information not found.,,,,Card information not found.,Unlimited,,,,,,,
9462,Card information not found.,,,,Card information not found.,Unlimited,,,,,,,
7040,Card information not found.,,,,Card information not found.,Unlimited,,,,,,,
7037,Card information not found.,,,,Card information not found.,Unlimited,,,,,,,
7036,Card information not found.,,,,Card information not found.,Unlimited,,,,,,,
6820,Card information not found.,,,,Card information not found.,Unlimited,,,,,,,
6826,Card information not found.,,,,Card information not found.,Unlimited,,,,,,,
9225,Card information not found.,,,,Card information not found.,Unlimited,,,,,,,
9226,Card information not found.,,,,Card information not found.,Unlimited,,,,,,,
6827,Card information not found.,,,,Card information not found.,Unlimited,,,,,,,
6828,Card information not found.,,,,Card information not found.,Unlimited,,,,,,,
6829,Card information not found.,,,,Card information not found.,Unlimited,,,,,,,
9227,Card information not found.,,,,Card information not found.,Unlimited,,,,,,,
6795,Card information not found.,,,,Card information not found.,Unlimited,,,,,,,
6836,Card information not found.,,,,Card information not found.,Unlimited,,,,,,,
9249,Card information not found.,,,,Card information not found.,Unlimited,,,,,,,
9250,Card information not found.,,,,Card information not found.,Unlimited,,,,,,,
6837,Card information not found.,,,,Card information not found.,Unlimited,,,,,,,
6838,Card information not found.,,,,Card information not found.,Unlimited,,,,,,,
6840,Card information not found.,,,,Card information not found.,Unlimited,,,,,,,
6849,Card information not found.,,,,Card information not found.,Unlimited,,,,,,,
6851,Card information not found.,,,,Card information not found.,Unlimited,,,,,,,
6852,Card information not found.,,,,Card information not found.,Unlimited,,,,,,,
9231,Card information not found.,,,,Card information not found.,Unlimited,,,,,,,
6853,Card information not found.,,,,Card information not found.,Unlimited,,,,,,,
9224,Card information not found.,,,,Card information not found.,Unlimited,,,,,,,
9222,Card information not found.,,,,Card information not found.,Unlimited,,,,,,,
9189,Card information not found.,,,,Card information not found.,Unlimited,,,,,,,
6730,Card information not found.,,,,Card information not found.,Unlimited,,,,,,,
6732,Card information not found.,,,,Card information not found.,Unlimited,,,,,,,
6740,Card information not found.,,,,Card information not found.,Unlimited,,,,,,,
6750,Card information not found.,,,,Card information not found.,Unlimited,,,,,,,
6751,Card information not found.,,,,Card information not found.,Unlimited,,,,,,,
9191,Card information not found.,,,,Card information not found.,Unlimited,,,,,,,
9192,Card information not found.,,,,Card information not found.,Unlimited,,,,,,,
9223,Card information not found.,,,,Card information not found.,Unlimited,,,,,,,
9193,Card information not found.,,,,Card information not found.,Unlimited,,,,,,,
6786,Card information not found.,,,,Card information not found.,Unlimited,,,,,,,
6787,Card information not found.,,,,Card information not found.,Unlimited,,,,,,,
6788,Card information not found.,,,,Card information not found.,Unlimited,,,,,,,
6789,Card information not found.,,,,Card information not found.,Unlimited,,,,,,,
6791,Card information not found.,,,,Card information not found.,Unlimited,,,,,,,
6792,Card information not found.,,,,Card information not found.,Unlimited,,,,,,,
8748,Card information not found.,,,,Card information not found.,Unlimited,,,,,,,
9221,Card information not found.,,,,Card information not found.,Unlimited,,,,,,,
6760,Card information not found.,,,,Card information not found.,Unlimited,,,,,,,
6857,Card information not found.,,,,Card information not found.,Unlimited,,,,,,,
6861,Card information not found.,,,,Card information not found.,Unlimited,,,,,,,
9252,Card information not found.,,,,Card information not found.,Unlimited,,,,,,,
7020,Card information not found.,,,,Card information not found.,Unlimited,,,,,,,
7021,Card information not found.,,,,Card information not found.,Unlimited,,,,,,,
7022,Card information not found.,,,,Card information not found.,Unlimited,,,,,,,
9262,Card information not found.,,,,Card information not found.,Unlimited,,,,,,,
7023,Card information not found.,,,,Card information not found.,Unlimited,,,,,,,
9263,Card information not found.,,,,Card information not found.,Unlimited,,,,,,,
9268,Card information not found.,,,,Card information not found.,Unlimited,,,,,,,
9269,Card information not found.,,,,Card information not found.,Unlimited,,,,,,,
6931,Card information not found.,,,,Card information not found.,Unlimited,,,,,,,
9270,Card information not found.,,,,Card information not found.,Unlimited,,,,,,,
7028,Card information not found.,,,,Card information not found.,Unlimited,,,,,,,
7029,Card information not found.,,,,Card information not found.,Unlimited,,,,,,,
7030,Card information not found.,,,,Card information not found.,Unlimited,,,,,,,
7031,Card information not found.,,,,Card information not found.,Unlimited,,,,,,,
9273,Card information not found.,,,,Card information not found.,Unlimited,,,,,,,
7032,Card information not found.,,,,Card information not found.,Unlimited,,,,,,,
7033,Card information not found.,,,,Card information not found.,Unlimited,,,,,,,
7034,Card information not found.,,,,Card information not found.,Unlimited,,,,,,,
7027,Card information not found.,,,,Card information not found.,Unlimited,,,,,,,
6930,Card information not found.,,,,Card information not found.,Unlimited,,,,,,,
6929,Card information not found.,,,,Card information not found.,Unlimited,,,,,,,
6926,Card information not found.,,,,Card information not found.,Unlimited,,,,,,,
6862,Card information not found.,,,,Card information not found.,Unlimited,,,,,,,
9253,Card information not found.,,,,Card information not found.,Unlimited,,,,,,,
9254,Card information not found.,,,,Card information not found.,Unlimited,,,,,,,
9255,Card information not found.,,,,Card information not found.,Unlimited,,,,,,,
6867,Card information not found.,,,,Card information not found.,Unlimited,,,,,,,
6868,Card information not found.,,,,Card information not found.,Unlimited,,,,,,,
6873,Card information not found.,,,,Card information not found.,Unlimited,,,,,,,
6874,Card information not found.,,,,Card information not found.,Unlimited,,,,,,,
6875,Card information not found.,,,,Card information not found.,Unlimited,,,,,,,
6919,Card information not found.,,,,Card information not found.,Unlimited,,,,,,,
6921,Card information not found.,,,,Card information not found.,Unlimited,,,,,,,
9257,Card information not found.,,,,Card information not found.,Unlimited,,,,,,,
6923,Card information not found.,,,,Card information not found.,Unlimited,,,,,,,
6924,Card information not found.,,,,Card information not found.,Unlimited,,,,,,,
9258,Card information not found.,,,,Card information not found.,Unlimited,,,,,,,
6925,Card information not found.,,,,Card information not found.,Unlimited,,,,,,,
9259,Card information not found.,,,,Card information not found.,Unlimited,,,,,,,
9260,Card information not found.,,,,Card information not found.,Unlimited,,,,,,,
9261,Card information not found.,,,,Card information not found.,Unlimited,,,,,,,
6726,Card information not found.,,,,Card information not found.,Unlimited,,,,,,,
8747,Card information not found.,,,,Card information not found.,Unlimited,,,,,,,
4249,Card information not found.,,,,Card information not found.,Unlimited,,,,,,,
8743,Card information not found.,,,,Card information not found.,Unlimited,,,,,,,
5178,Card information not found.,,,,Card information not found.,Unlimited,,,,,,,
5177,Card information not found.,,,,Card information not found.,Unlimited,,,,,,,
4124,Card information not found.,,,,Card information not found.,Unlimited,,,,,,,
4492,Card information not found.,,,,Card information not found.,Unlimited,,,,,,,
4122,Card information not found.,,,,Card information not found.,Unlimited,,,,,,,
4495,Card information not found.,,,,Card information not found.,Unlimited,,,,,,,
4500,Card information not found.,,,,Card information not found.,Unlimited,,,,,,,
4114,Card information not found.,,,,Card information not found.,Unlimited,,,,,,,
5179,Card information not found.,,,,Card information not found.,Unlimited,,,,,,,
4505,Card information not found.,,,,Card information not found.,Unlimited,,,,,,,
4509,Card information not found.,,,,Card information not found.,Unlimited,,,,,,,
5176,Card information not found.,,,,Card information not found.,Unlimited,,,,,,,
4510,Card information not found.,,,,Card information not found.,Unlimited,,,,,,,
4516,Card information not found.,,,,Card information not found.,Unlimited,,,,,,,
4109,Card information not found.,,,,Card information not found.,Unlimited,,,,,,,
4099,Card information not found.,,,,Card information not found.,Unlimited,,,,,,,
4524,Card information not found.,,,,Card information not found.,Unlimited,,,,,,,
4528,Card information not found.,,,,Card information not found.,Unlimited,,,,,,,
4112,Card information not found.,,,,Card information not found.,Unlimited,,,,,,,
4531,Card information not found.,,,,Card information not found.,Unlimited,,,,,,,
4128,Card information not found.,,,,Card information not found.,Unlimited,,,,,,,
4129,Card information not found.,,,,Card information not found.,Unlimited,,,,,,,
4159,Card information not found.,,,,Card information not found.,Unlimited,,,,,,,
4158,Card information not found.,,,,Card information not found.,Unlimited,,,,,,,
5183,Card information not found.,,,,Card information not found.,Unlimited,,,,,,,
4156,Card information not found.,,,,Card information not found.,Unlimited,,,,,,,
4151,Card information not found.,,,,Card information not found.,Unlimited,,,,,,,
5182,Card information not found.,,,,Card information not found.,Unlimited,,,,,,,
4150,Card information not found.,,,,Card information not found.,Unlimited,,,,,,,
4147,Card information not found.,,,,Card information not found.,Unlimited,,,,,,,
5180,Card information not found.,,,,Card information not found.,Unlimited,,,,,,,
4146,Card information not found.,,,,Card information not found.,Unlimited,,,,,,,
4144,Card information not found.,,,,Card information not found.,Unlimited,,,,,,,
4143,Card information not found.,,,,Card information not found.,Unlimited,,,,,,,
4141,Card information not found.,,,,Card information not found.,Unlimited,,,,,,,
4491,Card information not found.,,,,Card information not found.,Unlimited,,,,,,,
4140,Card information not found.,,,,Card information not found.,Unlimited,,,,,,,
4136,Card information not found.,,,,Card information not found.,Unlimited,,,,,,,
4134,Card information not found.,,,,Card information not found.,Unlimited,,,,,,,
4132,Card information not found.,,,,Card information not found.,Unlimited,,,,,,,
5181,Card information not found.,,,,Card information not found.,Unlimited,,,,,,,
4169,Card information not found.,,,,Card information not found.,Unlimited,,,,,,,
4534,Card information not found.,,,,Card information not found.,Unlimited,,,,,,,
5175,Card information not found.,,,,Card information not found.,Unlimited,,,,,,,
4583,Card information not found.,,,,Card information not found.,Unlimited,,,,,,,
4584,Card information not found.,,,,Card information not found.,Unlimited,,,,,,,
4585,Card information not found.,,,,Card information not found.,Unlimited,,,,,,,
5165,Card information not found.,,,,Card information not found.,Unlimited,,,,,,,
4590,Card information not found.,,,,Card information not found.,Unlimited,,,,,,,
5163,Card information not found.,,,,Card information not found.,Unlimited,,,,,,,
4593,Card information not found.,,,,Card information not found.,Unlimited,,,,,,,
4594,Card information not found.,,,,Card information not found.,Unlimited,,,,,,,
4031,Card information not found.,,,,Card information not found.,Unlimited,,,,,,,
4595,Card information not found.,,,,Card information not found.,Unlimited,,,,,,,
4598,Card information not found.,,,,Card information not found.,Unlimited,,,,,,,
4601,Card information not found.,,,,Card information not found.,Unlimited,,,,,,,
4602,Card information not found.,,,,Card information not found.,Unlimited,,,,,,,
5160,Card information not found.,,,,Card information not found.,Unlimited,,,,,,,
5159,Card information not found.,,,,Card information not found.,Unlimited,,,,,,,
5158,Card information not found.,,,,Card information not found.,Unlimited,,,,,,,
5157,Card information not found.,,,,Card information not found.,Unlimited,,,,,,,
5156,Card information not found.,,,,Card information not found.,Unlimited,,,,,,,
4596,Card information not found.,,,,Card information not found.,Unlimited,,,,,,,
4536,Card information not found.,,,,Card information not found.,Unlimited,,,,,,,
4582,Card information not found.,,,,Card information not found.,Unlimited,,,,,,,
5169,Card information not found.,,,,Card information not found.,Unlimited,,,,,,,
4541,Card information not found.,,,,Card information not found.,Unlimited,,,,,,,
4093,Card information not found.,,,,Card information not found.,Unlimited,,,,,,,
4083,Card information not found.,,,,Card information not found.,Unlimited,,,,,,,
4082,Card information not found.,,,,Card information not found.,Unlimited,,,,,,,
4081,Card information not found.,,,,Card information not found.,Unlimited,,,,,,,
4076,Card information not found.,,,,Card information not found.,Unlimited,,,,,,,
4542,Card information not found.,,,,Card information not found.,Unlimited,,,,,,,
4554,Card information not found.,,,,Card information not found.,Unlimited,,,,,,,
5167,Card information not found.,,,,Card information not found.,Unlimited,,,,,,,
4562,Card information not found.,,,,Card information not found.,Unlimited,,,,,,,
4572,Card information not found.,,,,Card information not found.,Unlimited,,,,,,,
4577,Card information not found.,,,,Card information not found.,Unlimited,,,,,,,
5174,Card information not found.,,,,Card information not found.,Unlimited,,,,,,,
5173,Card information not found.,,,,Card information not found.,Unlimited,,,,,,,
5172,Card information not found.,,,,Card information not found.,Unlimited,,,,,,,
4053,Card information not found.,,,,Card information not found.,Unlimited,,,,,,,
5171,Card information not found.,,,,Card information not found.,Unlimited,,,,,,,
4035,Card information not found.,,,,Card information not found.,Unlimited,,,,,,,
4564,Card information not found.,,,,Card information not found.,Unlimited,,,,,,,
4170,Card information not found.,,,,Card information not found.,Unlimited,,,,,,,
4173,Card information not found.,,,,Card information not found.,Unlimited,,,,,,,
4180,Card information not found.,,,,Card information not found.,Unlimited,,,,,,,
4235,Card information not found.,,,,Card information not found.,Unlimited,,,,,,,
4406,Card information not found.,,,,Card information not found.,Unlimited,,,,,,,
4410,Card information not found.,,,,Card information not found.,Unlimited,,,,,,,
4234,Card information not found.,,,,Card information not found.,Unlimited,,,,,,,
4417,Card information not found.,,,,Card information not found.,Unlimited,,,,,,,
4233,Card information not found.,,,,Card information not found.,Unlimited,,,,,,,
4419,Card information not found.,,,,Card information not found.,Unlimited,,,,,,,
4231,Card information not found.,,,,Card information not found.,Unlimited,,,,,,,
4304,Card information not found.,,,,Card information not found.,Unlimited,,,,,,,
4424,Card information not found.,,,,Card information not found.,Unlimited,,,,,,,
4429,Card information not found.,,,,Card information not found.,Unlimited,,,,,,,
4228,Card information not found.,,,,Card information not found.,Unlimited,,,,,,,
4225,Card information not found.,,,,Card information not found.,Unlimited,,,,,,,
4222,Card information not found.,,,,Card information not found.,Unlimited,,,,,,,
4212,Card information not found.,,,,Card information not found.,Unlimited,,,,,,,
4437,Card information not found.,,,,Card information not found.,Unlimited,,,,,,,
4211,Card information not found.,,,,Card information not found.,Unlimited,,,,,,,
4438,Card information not found.,,,,Card information not found.,Unlimited,,,,,,,
4427,Card information not found.,,,,Card information not found.,Unlimited,,,,,,,
4210,Card information not found.,,,,Card information not found.,Unlimited,,,,,,,
4237,Card information not found.,,,,Card information not found.,Unlimited,,,,,,,
4301,Card information not found.,,,,Card information not found.,Unlimited,,,,,,,
4252,Card information not found.,,,,Card information not found.,Unlimited,,,,,,,
4256,Card information not found.,,,,Card information not found.,Unlimited,,,,,,,
4259,Card information not found.,,,,Card information not found.,Unlimited,,,,,,,
4260,Card information not found.,,,,Card information not found.,Unlimited,,,,,,,
4265,Card information not found.,,,,Card information not found.,Unlimited,,,,,,,
4266,Card information not found.,,,,Card information not found.,Unlimited,,,,,,,
4246,Card information not found.,,,,Card information not found.,Unlimited,,,,,,,
4267,Card information not found.,,,,Card information not found.,Unlimited,,,,,,,
4238,Card information not found.,,,,Card information not found.,Unlimited,,,,,,,
4269,Card information not found.,,,,Card information not found.,Unlimited,,,,,,,
4245,Card information not found.,,,,Card information not found.,Unlimited,,,,,,,
4244,Card information not found.,,,,Card information not found.,Unlimited,,,,,,,
4277,Card information not found.,,,,Card information not found.,Unlimited,,,,,,,
4279,Card information not found.,,,,Card information not found.,Unlimited,,,,,,,
4283,Card information not found.,,,,Card information not found.,Unlimited,,,,,,,
4289,Card information not found.,,,,Card information not found.,Unlimited,,,,,,,
4290,Card information not found.,,,,Card information not found.,Unlimited,,,,,,,
4291,Card information not found.,,,,Card information not found.,Unlimited,,,,,,,
4270,Card information not found.,,,,Card information not found.,Unlimited,,,,,,,
4440,Card information not found.,,,,Card information not found.,Unlimited,,,,,,,
4441,Card information not found.,,,,Card information not found.,Unlimited,,,,,,,
4442,Card information not found.,,,,Card information not found.,Unlimited,,,,,,,
4191,Card information not found.,,,,Card information not found.,Unlimited,,,,,,,
4190,Card information not found.,,,,Card information not found.,Unlimited,,,,,,,
4470,Card information not found.,,,,Card information not found.,Unlimited,,,,,,,
4478,Card information not found.,,,,Card information not found.,Unlimited,,,,,,,
4189,Card information not found.,,,,Card information not found.,Unlimited,,,,,,,
4188,Card information not found.,,,,Card information not found.,Unlimited,,,,,,,
4187,Card information not found.,,,,Card information not found.,Unlimited,,,,,,,
4482,Card information not found.,,,,Card information not found.,Unlimited,,,,,,,
4193,Card information not found.,,,,Card information not found.,Unlimited,,,,,,,
4186,Card information not found.,,,,Card information not found.,Unlimited,,,,,,,
5187,Card information not found.,,,,Card information not found.,Unlimited,,,,,,,
5186,Card information not found.,,,,Card information not found.,Unlimited,,,,,,,
4185,Card information not found.,,,,Card information not found.,Unlimited,,,,,,,
5185,Card information not found.,,,,Card information not found.,Unlimited,,,,,,,
5184,Card information not found.,,,,Card information not found.,Unlimited,,,,,,,
4183,Card information not found.,,,,Card information not found.,Unlimited,,,,,,,
4489,Card information not found.,,,,Card information not found.,Unlimited,,,,,,,
4182,Card information not found.,,,,Card information not found.,Unlimited,,,,,,,
5188,Card information not found.,,,,Card information not found.,Unlimited,,,,,,,
4194,Card information not found.,,,,Card information not found.,Unlimited,,,,,,,
5189,Card information not found.,,,,Card information not found.,Unlimited,,,,,,,
4466,Card information not found.,,,,Card information not found.,Unlimited,,,,,,,
4209,Card information not found.,,,,Card information not found.,Unlimited,,,,,,,
4447,Card information not found.,,,,Card information not found.,Unlimited,,,,,,,
5192,Card information not found.,,,,Card information not found.,Unlimited,,,,,,,
4449,Card information not found.,,,,Card information not found.,Unlimited,,,,,,,
4203,Card information not found.,,,,Card information not found.,Unlimited,,,,,,,
4202,Card information not found.,,,,Card information not found.,Unlimited,,,,,,,
4452,Card information not found.,,,,Card information not found.,Unlimited,,,,,,,
5191,Card information not found.,,,,Card information not found.,Unlimited,,,,,,,
4201,Card information not found.,,,,Card information not found.,Unlimited,,,,,,,
4455,Card information not found.,,,,Card information not found.,Unlimited,,,,,,,
4456,Card information not found.,,,,Card information not found.,Unlimited,,,,,,,
4197,Card information not found.,,,,Card information not found.,Unlimited,,,,,,,
4457,Card information not found.,,,,Card information not found.,Unlimited,,,,,,,
4458,Card information not found.,,,,Card information not found.,Unlimited,,,,,,,
4461,Card information not found.,,,,Card information not found.,Unlimited,,,,,,,
4462,Card information not found.,,,,Card information not found.,Unlimited,,,,,,,
4196,Card information not found.,,,,Card information not found.,Unlimited,,,,,,,
4463,Card information not found.,,,,Card information not found.,Unlimited,,,,,,,
5190,Card information not found.,,,,Card information not found.,Unlimited,,,,,,,
5155,Card information not found.,,,,Card information not found.,Unlimited,,,,,,,
8744,Card information not found.,,,,Card information not found.,Unlimited,,,,,,,
7237,Card information not found.,,,,Card information not found.,Unlimited,,,,,,,
7239,Card information not found.,,,,Card information not found.,Unlimited,,,,,,,
8124,Card information not found.,,,,Card information not found.,Unlimited,,,,,,,
8125,Card information not found.,,,,Card information not found.,Unlimited,,,,,,,
5058,Card information not found.,,,,Card information not found.,Unlimited,,,,,,,
8127,Card information not found.,,,,Card information not found.,Unlimited,,,,,,,
8128,Card information not found.,,,,Card information not found.,Unlimited,,,,,,,
8130,Card information not found.,,,,Card information not found.,Unlimited,,,,,,,
8131,Card information not found.,,,,Card information not found.,Unlimited,,,,,,,
8148,Card information not found.,,,,Card information not found.,Unlimited,,,,,,,
8123,Card information not found.,,,,Card information not found.,Unlimited,,,,,,,
8149,Card information not found.,,,,Card information not found.,Unlimited,,,,,,,
5057,Card information not found.,,,,Card information not found.,Unlimited,,,,,,,
5056,Card information not found.,,,,Card information not found.,Unlimited,,,,,,,
5055,Card information not found.,,,,Card information not found.,Unlimited,,,,,,,
5054,Card information not found.,,,,Card information not found.,Unlimited,,,,,,,
8152,Card information not found.,,,,Card information not found.,Unlimited,,,,,,,
8153,Card information not found.,,,,Card information not found.,Unlimited,,,,,,,
5052,Card information not found.,,,,Card information not found.,Unlimited,,,,,,,
5051,Card information not found.,,,,Card information not found.,Unlimited,,,,,,,
8151,Card information not found.,,,,Card information not found.,Unlimited,,,,,,,
8194,Card information not found.,,,,Card information not found.,Unlimited,,,,,,,
7997,Card information not found.,,,,Card information not found.,Unlimited,,,,,,,
7996,Card information not found.,,,,Card information not found.,Unlimited,,,,,,,
7938,Card information not found.,,,,Card information not found.,Unlimited,,,,,,,
7939,Card information not found.,,,,Card information not found.,Unlimited,,,,,,,
7940,Card information not found.,,,,Card information not found.,Unlimited,,,,,,,
5076,Card information not found.,,,,Card information not found.,Unlimited,,,,,,,
5075,Card information not found.,,,,Card information not found.,Unlimited,,,,,,,
5074,Card information not found.,,,,Card information not found.,Unlimited,,,,,,,
7941,Card information not found.,,,,Card information not found.,Unlimited,,,,,,,
7974,Card information not found.,,,,Card information not found.,Unlimited,,,,,,,
5064,Card information not found.,,,,Card information not found.,Unlimited,,,,,,,
5071,Card information not found.,,,,Card information not found.,Unlimited,,,,,,,
7976,Card information not found.,,,,Card information not found.,Unlimited,,,,,,,
7977,Card information not found.,,,,Card information not found.,Unlimited,,,,,,,
7979,Card information not found.,,,,Card information not found.,Unlimited,,,,,,,
7980,Card information not found.,,,,Card information not found.,Unlimited,,,,,,,
5070,Card information not found.,,,,Card information not found.,Unlimited,,,,,,,
7994,Card information not found.,,,,Card information not found.,Unlimited,,,,,,,
5068,Card information not found.,,,,Card information not found.,Unlimited,,,,,,,
7995,Card information not found.,,,,Card information not found.,Unlimited,,,,,,,
7975,Card information not found.,,,,Card information not found.,Unlimited,,,,,,,
7936,Card information not found.,,,,Card information not found.,Unlimited,,,,,,,
5050,Card information not found.,,,,Card information not found.,Unlimited,,,,,,,
8278,Card information not found.,,,,Card information not found.,Unlimited,,,,,,,
4248,Card information not found.,,,,Card information not found.,Unlimited,,,,,,,
8531,Card information not found.,,,,Card information not found.,Unlimited,,,,,,,
8532,Card information not found.,,,,Card information not found.,Unlimited,,,,,,,
8533,Card information not found.,,,,Card information not found.,Unlimited,,,,,,,
4994,Card information not found.,,,,Card information not found.,Unlimited,,,,,,,
8534,Card information not found.,,,,Card information not found.,Unlimited,,,,,,,
8540,Card information not found.,,,,Card information not found.,Unlimited,,,,,,,
8541,Card information not found.,,,,Card information not found.,Unlimited,,,,,,,
8425,Card information not found.,,,,Card information not found.,Unlimited,,,,,,,
8542,Card information not found.,,,,Card information not found.,Unlimited,,,,,,,
8588,Card information not found.,,,,Card information not found.,Unlimited,,,,,,,
8589,Card information not found.,,,,Card information not found.,Unlimited,,,,,,,
8590,Card information not found.,,,,Card information not found.,Unlimited,,,,,,,
8591,Card information not found.,,,,Card information not found.,Unlimited,,,,,,,
8697,Card information not found.,,,,Card information not found.,Unlimited,,,,,,,
8699,Card information not found.,,,,Card information not found.,Unlimited,,,,,,,
8701,Card information not found.,,,,Card information not found.,Unlimited,,,,,,,
8741,Card information not found.,,,,Card information not found.,Unlimited,,,,,,,
8544,Card information not found.,,,,Card information not found.,Unlimited,,,,,,,
8277,Card information not found.,,,,Card information not found.,Unlimited,,,,,,,
8424,Card information not found.,,,,Card information not found.,Unlimited,,,,,,,
8419,Card information not found.,,,,Card information not found.,Unlimited,,,,,,,
8279,Card information not found.,,,,Card information not found.,Unlimited,,,,,,,
8284,Card information not found.,,,,Card information not found.,Unlimited,,,,,,,
5049,Card information not found.,,,,Card information not found.,Unlimited,,,,,,,
8285,Card information not found.,,,,Card information not found.,Unlimited,,,,,,,
5047,Card information not found.,,,,Card information not found.,Unlimited,,,,,,,
5039,Card information not found.,,,,Card information not found.,Unlimited,,,,,,,
8290,Card information not found.,,,,Card information not found.,Unlimited,,,,,,,
5014,Card information not found.,,,,Card information not found.,Unlimited,,,,,,,
8423,Card information not found.,,,,Card information not found.,Unlimited,,,,,,,
5013,Card information not found.,,,,Card information not found.,Unlimited,,,,,,,
4997,Card information not found.,,,,Card information not found.,Unlimited,,,,,,,
8381,Card information not found.,,,,Card information not found.,Unlimited,,,,,,,
8382,Card information not found.,,,,Card information not found.,Unlimited,,,,,,,
8383,Card information not found.,,,,Card information not found.,Unlimited,,,,,,,
8385,Card information not found.,,,,Card information not found.,Unlimited,,,,,,,
4996,Card information not found.,,,,Card information not found.,Unlimited,,,,,,,
8387,Card information not found.,,,,Card information not found.,Unlimited,,,,,,,
4995,Card information not found.,,,,Card information not found.,Unlimited,,,,,,,
8291,Card information not found.,,,,Card information not found.,Unlimited,,,,,,,
7862,Card information not found.,,,,Card information not found.,Unlimited,,,,,,,
7861,Card information not found.,,,,Card information not found.,Unlimited,,,,,,,
7860,Card information not found.,,,,Card information not found.,Unlimited,,,,,,,
7402,Card information not found.,,,,Card information not found.,Unlimited,,,,,,,
7440,Card information not found.,,,,Card information not found.,Unlimited,,,,,,,
7496,Card information not found.,,,,Card information not found.,Unlimited,,,,,,,
7497,Card information not found.,,,,Card information not found.,Unlimited,,,,,,,
7499,Card information not found.,,,,Card information not found.,Unlimited,,,,,,,
7501,Card information not found.,,,,Card information not found.,Unlimited,,,,,,,
7502,Card information not found.,,,,Card information not found.,Unlimited,,,,,,,
7503,Card information not found.,,,,Card information not found.,Unlimited,,,,,,,
5117,Card information not found.,,,,Card information not found.,Unlimited,,,,,,,
7504,Card information not found.,,,,Card information not found.,Unlimited,,,,,,,
7506,Card information not found.,,,,Card information not found.,Unlimited,,,,,,,
7507,Card information not found.,,,,Card information not found.,Unlimited,,,,,,,
7509,Card information not found.,,,,Card information not found.,Unlimited,,,,,,,
7510,Card information not found.,,,,Card information not found.,Unlimited,,,,,,,
5115,Card information not found.,,,,Card information not found.,Unlimited,,,,,,,
7511,Card information not found.,,,,Card information not found.,Unlimited,,,,,,,
7512,Card information not found.,,,,Card information not found.,Unlimited,,,,,,,
7513,Card information not found.,,,,Card information not found.,Unlimited,,,,,,,
7505,Card information not found.,,,,Card information not found.,Unlimited,,,,,,,
7515,Card information not found.,,,,Card information not found.,Unlimited,,,,,,,
5154,Card information not found.,,,,Card information not found.,Unlimited,,,,,,,
7395,Card information not found.,,,,Card information not found.,Unlimited,,,,,,,
7240,Card information not found.,,,,Card information not found.,Unlimited,,,,,,,
7241,Card information not found.,,,,Card information not found.,Unlimited,,,,,,,
7242,Card information not found.,,,,Card information not found.,Unlimited,,,,,,,
7249,Card information not found.,,,,Card information not found.,Unlimited,,,,,,,
7250,Card information not found.,,,,Card information not found.,Unlimited,,,,,,,
7253,Card information not found.,,,,Card information not found.,Unlimited,,,,,,,
7263,Card information not found.,,,,Card information not found.,Unlimited,,,,,,,
7274,Card information not found.,,,,Card information not found.,Unlimited,,,,,,,
7396,Card information not found.,,,,Card information not found.,Unlimited,,,,,,,
7330,Card information not found.,,,,Card information not found.,Unlimited,,,,,,,
7356,Card information not found.,,,,Card information not found.,Unlimited,,,,,,,
7360,Card information not found.,,,,Card information not found.,Unlimited,,,,,,,
7361,Card information not found.,,,,Card information not found.,Unlimited,,,,,,,
7362,Card information not found.,,,,Card information not found.,Unlimited,,,,,,,
7364,Card information not found.,,,,Card information not found.,Unlimited,,,,,,,
7373,Card information not found.,,,,Card information not found.,Unlimited,,,,,,,
7393,Card information not found.,,,,Card information not found.,Unlimited,,,,,,,
7394,Card information not found.,,,,Card information not found.,Unlimited,,,,,,,
7355,Card information not found.,,,,Card information not found.,Unlimited,,,,,,,
7521,Card information not found.,,,,Card information not found.,Unlimited,,,,,,,
7523,Card information not found.,,,,Card information not found.,Unlimited,,,,,,,
5105,Card information not found.,,,,Card information not found.,Unlimited,,,,,,,
7778,Card information not found.,,,,Card information not found.,Unlimited,,,,,,,
5081,Card information not found.,,,,Card information not found.,Unlimited,,,,,,,
7779,Card information not found.,,,,Card information not found.,Unlimited,,,,,,,
7780,Card information not found.,,,,Card information not found.,Unlimited,,,,,,,
7781,Card information not found.,,,,Card information not found.,Unlimited,,,,,,,
7783,Card information not found.,,,,Card information not found.,Unlimited,,,,,,,
7784,Card information not found.,,,,Card information not found.,Unlimited,,,,,,,
7785,Card information not found.,,,,Card information not found.,Unlimited,,,,,,,
7777,Card information not found.,,,,Card information not found.,Unlimited,,,,,,,
7786,Card information not found.,,,,Card information not found.,Unlimited,,,,,,,
5080,Card information not found.,,,,Card information not found.,Unlimited,,,,,,,
7792,Card information not found.,,,,Card information not found.,Unlimited,,,,,,,
7793,Card information not found.,,,,Card information not found.,Unlimited,,,,,,,
7794,Card information not found.,,,,Card information not found.,Unlimited,,,,,,,
7847,Card information not found.,,,,Card information not found.,Unlimited,,,,,,,
7859,Card information not found.,,,,Card information not found.,Unlimited,,,,,,,
5078,Card information not found.,,,,Card information not found.,Unlimited,,,,,,,
5077,Card information not found.,,,,Card information not found.,Unlimited,,,,,,,
7791,Card information not found.,,,,Card information not found.,Unlimited,,,,,,,
5082,Card information not found.,,,,Card information not found.,Unlimited,,,,,,,
5083,Card information not found.,,,,Card information not found.,Unlimited,,,,,,,
5084,Card information not found.,,,,Card information not found.,Unlimited,,,,,,,
5100,Card information not found.,,,,Card information not found.,Unlimited,,,,,,,
5089,Card information not found.,,,,Card information not found.,Unlimited,,,,,,,
7524,Card information not found.,,,,Card information not found.,Unlimited,,,,,,,
7525,Card information not found.,,,,Card information not found.,Unlimited,,,,,,,
7654,Card information not found.,,,,Card information not found.,Unlimited,,,,,,,
5088,Card information not found.,,,,Card information not found.,Unlimited,,,,,,,
7655,Card information not found.,,,,Card information not found.,Unlimited,,,,,,,
7656,Card information not found.,,,,Card information not found.,Unlimited,,,,,,,
5087,Card information not found.,,,,Card information not found.,Unlimited,,,,,,,
7657,Card information not found.,,,,Card information not found.,Unlimited,,,,,,,
7665,Card information not found.,,,,Card information not found.,Unlimited,,,,,,,
7748,Card information not found.,,,,Card information not found.,Unlimited,,,,,,,
7771,Card information not found.,,,,Card information not found.,Unlimited,,,,,,,
7772,Card information not found.,,,,Card information not found.,Unlimited,,,,,,,
5085,Card information not found.,,,,Card information not found.,Unlimited,,,,,,,
7773,Card information not found.,,,,Card information not found.,Unlimited,,,,,,,
7774,Card information not found.,,,,Card information not found.,Unlimited,,,,,,,
7775,Card information not found.,,,,Card information not found.,Unlimited,,,,,,,
7776,Card information not found.,,,,Card information not found.,Unlimited,,,,,,,
7238,Card information not found.,,,,Card information not found.,Unlimited,,,,,,,
8426,Card information not found.,,,,Card information not found.,Unlimited,,,,,,,
7500,Card information not found.,,,,Card information not found.,Unlimited,,,,,,,
5692,Card information not found.,,,,Card information not found.,Unlimited,,,,,,,
5460,Card information not found.,,,,Card information not found.,Unlimited,,,,,,,
6015,Card information not found.,,,,Card information not found.,Unlimited,,,,,,,
4699,Card information not found.,,,,Card information not found.,Unlimited,,,,,,,
5459,Card information not found.,,,,Card information not found.,Unlimited,,,,,,,
4697,Card information not found.,,,,Card information not found.,Unlimited,,,,,,,
4690,Card information not found.,,,,Card information not found.,Unlimited,,,,,,,
5458,Card information not found.,,,,Card information not found.,Unlimited,,,,,,,
6016,Card information not found.,,,,Card information not found.,Unlimited,,,,,,,
6017,Card information not found.,,,,Card information not found.,Unlimited,,,,,,,
5457,Card information not found.,,,,Card information not found.,Unlimited,,,,,,,
6074,Card information not found.,,,,Card information not found.,Unlimited,,,,,,,
6077,Card information not found.,,,,Card information not found.,Unlimited,,,,,,,
6080,Card information not found.,,,,Card information not found.,Unlimited,,,,,,,
6081,Card information not found.,,,,Card information not found.,Unlimited,,,,,,,
6091,Card information not found.,,,,Card information not found.,Unlimited,,,,,,,
6014,Card information not found.,,,,Card information not found.,Unlimited,,,,,,,
6013,Card information not found.,,,,Card information not found.,Unlimited,,,,,,,
6012,Card information not found.,,,,Card information not found.,Unlimited,,,,,,,
5461,Card information not found.,,,,Card information not found.,Unlimited,,,,,,,
5941,Card information not found.,,,,Card information not found.,Unlimited,,,,,,,
4607,Card information not found.,,,,Card information not found.,Unlimited,,,,,,,
5942,Card information not found.,,,,Card information not found.,Unlimited,,,,,,,
5997,Card information not found.,,,,Card information not found.,Unlimited,,,,,,,
5998,Card information not found.,,,,Card information not found.,Unlimited,,,,,,,
5464,Card information not found.,,,,Card information not found.,Unlimited,,,,,,,
5999,Card information not found.,,,,Card information not found.,Unlimited,,,,,,,
6157,Card information not found.,,,,Card information not found.,Unlimited,,,,,,,
4681,Card information not found.,,,,Card information not found.,Unlimited,,,,,,,
6002,Card information not found.,,,,Card information not found.,Unlimited,,,,,,,
6008,Card information not found.,,,,Card information not found.,Unlimited,,,,,,,
5462,Card information not found.,,,,Card information not found.,Unlimited,,,,,,,
6009,Card information not found.,,,,Card information not found.,Unlimited,,,,,,,
6011,Card information not found.,,,,Card information not found.,Unlimited,,,,,,,
4701,Card information not found.,,,,Card information not found.,Unlimited,,,,,,,
4628,Card information not found.,,,,Card information not found.,Unlimited,,,,,,,
5463,Card information not found.,,,,Card information not found.,Unlimited,,,,,,,
5465,Card information not found.,,,,Card information not found.,Unlimited,,,,,,,
6163,Card information not found.,,,,Card information not found.,Unlimited,,,,,,,
6171,Card information not found.,,,,Card information not found.,Unlimited,,,,,,,
5283,Card information not found.,,,,Card information not found.,Unlimited,,,,,,,
5282,Card information not found.,,,,Card information not found.,Unlimited,,,,,,,
5241,Card information not found.,,,,Card information not found.,Unlimited,,,,,,,
4654,Card information not found.,,,,Card information not found.,Unlimited,,,,,,,
4686,Card information not found.,,,,Card information not found.,Unlimited,,,,,,,
4684,Card information not found.,,,,Card information not found.,Unlimited,,,,,,,
5240,Card information not found.,,,,Card information not found.,Unlimited,,,,,,,
5235,Card information not found.,,,,Card information not found.,Unlimited,,,,,,,
5233,Card information not found.,,,,Card information not found.,Unlimited,,,,,,,
5228,Card information not found.,,,,Card information not found.,Unlimited,,,,,,,
4661,Card information not found.,,,,Card information not found.,Unlimited,,,,,,,
5215,Card information not found.,,,,Card information not found.,Unlimited,,,,,,,
4665,Card information not found.,,,,Card information not found.,Unlimited,,,,,,,
4671,Card information not found.,,,,Card information not found.,Unlimited,,,,,,,
4672,Card information not found.,,,,Card information not found.,Unlimited,,,,,,,
5288,Card information not found.,,,,Card information not found.,Unlimited,,,,,,,
4651,Card information not found.,,,,Card information not found.,Unlimited,,,,,,,
4646,Card information not found.,,,,Card information not found.,Unlimited,,,,,,,
4640,Card information not found.,,,,Card information not found.,Unlimited,,,,,,,
4629,Card information not found.,,,,Card information not found.,Unlimited,,,,,,,
5456,Card information not found.,,,,Card information not found.,Unlimited,,,,,,,
6180,Card information not found.,,,,Card information not found.,Unlimited,,,,,,,
5455,Card information not found.,,,,Card information not found.,Unlimited,,,,,,,
5454,Card information not found.,,,,Card information not found.,Unlimited,,,,,,,
4689,Card information not found.,,,,Card information not found.,Unlimited,,,,,,,
4631,Card information not found.,,,,Card information not found.,Unlimited,,,,,,,
6165,Card information not found.,,,,Card information not found.,Unlimited,,,,,,,
5407,Card information not found.,,,,Card information not found.,Unlimited,,,,,,,
4635,Card information not found.,,,,Card information not found.,Unlimited,,,,,,,
5369,Card information not found.,,,,Card information not found.,Unlimited,,,,,,,
5368,Card information not found.,,,,Card information not found.,Unlimited,,,,,,,
5364,Card information not found.,,,,Card information not found.,Unlimited,,,,,,,
5294,Card information not found.,,,,Card information not found.,Unlimited,,,,,,,
4639,Card information not found.,,,,Card information not found.,Unlimited,,,,,,,
5293,Card information not found.,,,,Card information not found.,Unlimited,,,,,,,
5370,Card information not found.,,,,Card information not found.,Unlimited,,,,,,,
5940,Card information not found.,,,,Card information not found.,Unlimited,,,,,,,
4625,Card information not found.,,,,Card information not found.,Unlimited,,,,,,,
4673,Card information not found.,,,,Card information not found.,Unlimited,,,,,,,
5751,Card information not found.,,,,Card information not found.,Unlimited,,,,,,,
5640,Card information not found.,,,,Card information not found.,Unlimited,,,,,,,
5569,Card information not found.,,,,Card information not found.,Unlimited,,,,,,,
5639,Card information not found.,,,,Card information not found.,Unlimited,,,,,,,
5801,Card information not found.,,,,Card information not found.,Unlimited,,,,,,,
5939,Card information not found.,,,,Card information not found.,Unlimited,,,,,,,
5689,Card information not found.,,,,Card information not found.,Unlimited,,,,,,,
5802,Card information not found.,,,,Card information not found.,Unlimited,,,,,,,
5805,Card information not found.,,,,Card information not found.,Unlimited,,,,,,,
5807,Card information not found.,,,,Card information not found.,Unlimited,,,,,,,
5633,Card information not found.,,,,Card information not found.,Unlimited,,,,,,,
5567,Card information not found.,,,,Card information not found.,Unlimited,,,,,,,
5566,Card information not found.,,,,Card information not found.,Unlimited,,,,,,,
5712,Card information not found.,,,,Card information not found.,Unlimited,,,,,,,
5568,Card information not found.,,,,Card information not found.,Unlimited,,,,,,,
5808,Card information not found.,,,,Card information not found.,Unlimited,,,,,,,
5690,Card information not found.,,,,Card information not found.,Unlimited,,,,,,,
5749,Card information not found.,,,,Card information not found.,Unlimited,,,,,,,
5742,Card information not found.,,,,Card information not found.,Unlimited,,,,,,,
5744,Card information not found.,,,,Card information not found.,Unlimited,,,,,,,
5745,Card information not found.,,,,Card information not found.,Unlimited,,,,,,,
5573,Card information not found.,,,,Card information not found.,Unlimited,,,,,,,
4726,Card information not found.,,,,Card information not found.,Unlimited,,,,,,,
5746,Card information not found.,,,,Card information not found.,Unlimited,,,,,,,
5750,Card information not found.,,,,Card information not found.,Unlimited,,,,,,,
5747,Card information not found.,,,,Card information not found.,Unlimited,,,,,,,
5748,Card information not found.,,,,Card information not found.,Unlimited,,,,,,,
5571,Card information not found.,,,,Card information not found.,Unlimited,,,,,,,
5570,Card information not found.,,,,Card information not found.,Unlimited,,,,,,,
5693,Card information not found.,,,,Card information not found.,Unlimited,,,,,,,
5577,Card information not found.,,,,Card information not found.,Unlimited,,,,,,,
5691,Card information not found.,,,,Card information not found.,Unlimited,,,,,,,
5572,Card information not found.,,,,Card information not found.,Unlimited,,,,,,,
5565,Card information not found.,,,,Card information not found.,Unlimited,,,,,,,
5634,Card information not found.,,,,Card information not found.,Unlimited,,,,,,,
5472,Card information not found.,,,,Card information not found.,Unlimited,,,,,,,
5487,Card information not found.,,,,Card information not found.,Unlimited,,,,,,,
4704,Card information not found.,,,,Card information not found.,Unlimited,,,,,,,
5809,Card information not found.,,,,Card information not found.,Unlimited,,,,,,,
5471,Card information not found.,,,,Card information not found.,Unlimited,,,,,,,
5470,Card information not found.,,,,Card information not found.,Unlimited,,,,,,,
5870,Card information not found.,,,,Card information not found.,Unlimited,,,,,,,
5495,Card information not found.,,,,Card information not found.,Unlimited,,,,,,,
5469,Card information not found.,,,,Card information not found.,Unlimited,,,,,,,
5468,Card information not found.,,,,Card information not found.,Unlimited,,,,,,,
5467,Card information not found.,,,,Card information not found.,Unlimited,,,,,,,
5635,Card information not found.,,,,Card information not found.,Unlimited,,,,,,,
5937,Card information not found.,,,,Card information not found.,Unlimited,,,,,,,
5938,Card information not found.,,,,Card information not found.,Unlimited,,,,,,,
5466,Card information not found.,,,,Card information not found.,Unlimited,,,,,,,
5936,Card information not found.,,,,Card information not found.,Unlimited,,,,,,,
5500,Card information not found.,,,,Card information not found.,Unlimited,,,,,,,
5694,Card information not found.,,,,Card information not found.,Unlimited,,,,,,,
5554,Card information not found.,,,,Card information not found.,Unlimited,,,,,,,
5863,Card information not found.,,,,Card information not found.,Unlimited,,,,,,,
5864,Card information not found.,,,,Card information not found.,Unlimited,,,,,,,
5862,Card information not found.,,,,Card information not found.,Unlimited,,,,,,,
4721,Card information not found.,,,,Card information not found.,Unlimited,,,,,,,
5865,Card information not found.,,,,Card information not found.,Unlimited,,,,,,,
5563,Card information not found.,,,,Card information not found.,Unlimited,,,,,,,
5861,Card information not found.,,,,Card information not found.,Unlimited,,,,,,,
5866,Card information not found.,,,,Card information not found.,Unlimited,,,,,,,
5638,Card information not found.,,,,Card information not found.,Unlimited,,,,,,,
5867,Card information not found.,,,,Card information not found.,Unlimited,,,,,,,
